origin,best_coffee,served_with,best_rating,above_origin_avg,origin_min,origin_max,rating_spread
Jamaica,Jamaica Blue Mountain,Espresso,96,0.0,96,96,0
Panama,Panama Geisha,Pour Over,96,0.0,96,96,0
Colombia,Colombia Geisha,Pour Over,95,3.5,88,95,7
Ethiopia,Ethiopia Yirgacheffe,Pour Over,94,1.0,92,94,2
USA,Hawaii Kona,Pour Over,94,0.0,94,94,0
Kenya,Kenya AA,Pour Over,91,0.5,90,91,1
Tanzania,Tanzania Peaberry,Siphon,90,0.0,90,90,0
Costa Rica,Costa Rica Tarrazu,Cold Brew,89,0.5,88,89,1
Rwanda,Rwanda Bourbon,Pour Over,89,0.0,89,89,0
Guatemala,Guatemala Huehuetenango,Pour Over,88,0.5,87,88,1
Bolivia,Bolivia Caranavi,AeroPress,87,0.0,87,87,0
Mexico,Mexico Oaxaca,Pour Over,87,0.5,86,87,1
Papua New Guinea,Papua New Guinea,Batch Brew,86,0.0,86,86,0
Peru,Peru Chanchamayo,Pour Over,86,0.0,86,86,0
Brazil,Brazil Cerrado,French Press,85,0.5,84,85,1
Indonesia,Sumatra Mandheling,Espresso,85,1.0,83,85,2
Thailand,Thailand Doi Chang,Cold Brew,85,0.0,85,85,0
Myanmar,Myanmar Ywangan,Moka Pot,84,0.0,84,84,0
Uganda,Uganda Bugisu,French Press,84,0.0,84,84,0
India,India Mysore,AeroPress,83,0.5,82,83,1
Vietnam,Vietnam Arabica,Batch Brew,82,2.0,78,82,4
